num_episode,v_behavior,v_target,v_gain,v_behavior_std,v_target_std,v_gain_std,offline_method,loss,model,time
0,102.74147614166039,35.88724092647851,0.3488372597659905,12.59197336128982,69.01794609232331,0.6617393635060549,IS,,MARWILTrainer,2014.458161830902
1,102.05520254822338,36.49732435966906,0.3584152795241909,14.364121592959494,69.62601326845427,0.6660807705732814,IS,,MARWILTrainer,2014.458161830902
2,102.73682376433572,36.919090363989845,0.3572649294433425,12.692780019965738,69.82245859604048,0.666348454932715,IS,,MARWILTrainer,2014.458161830902
3,102.33843338131484,36.50933535170062,0.3546599122791679,14.21041077047999,69.4105627870445,0.6614685455170791,IS,,MARWILTrainer,2014.458161830902
4,102.43312026962589,36.79849444739468,0.36844298307756373,13.647651312546444,69.51740370568983,0.7014671708110118,IS,,MARWILTrainer,2014.458161830902
5,102.54673114006083,36.4614756891742,0.3527412988730011,12.656080893491927,69.710435944306,0.6646268664667817,IS,,MARWILTrainer,2014.458161830902
6,102.43937832640128,34.46094780294358,0.3342526600782993,13.968174733672294,64.29964504765341,0.6115317724218123,IS,,MARWILTrainer,2014.458161830902
7,102.25269137768603,36.11581607707855,0.3549024749952369,14.498966053046985,68.87645512177764,0.6603816788191603,IS,,MARWILTrainer,2014.458161830902
8,102.45491068775415,36.66413172745462,0.35537192833469583,13.184535557408191,69.71056929208748,0.6649067804972009,IS,,MARWILTrainer,2014.458161830902
9,102.3383017289212,36.81229603538642,0.3569537094295048,13.475497117477964,69.70190462650083,0.6650450243074212,IS,,MARWILTrainer,2014.458161830902
10,102.61935580124174,36.56088986743909,0.35368344367088844,13.247511272075135,69.54399216951731,0.6629538838536935,IS,,MARWILTrainer,2014.458161830902
11,102.52201846689138,36.72271125855697,0.35533881451957505,13.16375148936953,69.56566590602085,0.6637250081957863,IS,,MARWILTrainer,2014.458161830902
12,102.44381969085222,36.543202861041735,0.35502758113114036,12.887894888606994,69.56520870949761,0.6638728361278401,IS,,MARWILTrainer,2014.458161830902
13,102.54651872425306,34.56348355752378,0.33496271196179783,12.86963552681211,64.37625055197609,0.6126490806671547,IS,,MARWILTrainer,2014.458161830902
14,102.6672066229998,37.06487381163398,0.35958785042942654,13.466870349777043,69.6457291864413,0.6645868043719584,IS,,MARWILTrainer,2014.458161830902
15,102.20909964996245,35.65661133905409,0.3479128614524684,13.215433683964122,68.93017446246753,0.6607153169693695,IS,,MARWILTrainer,2014.458161830902
16,102.54179142624048,36.64032832292454,0.35480698762314733,13.034125325024593,69.7488189632099,0.6655958941423495,IS,,MARWILTrainer,2014.458161830902
17,102.31158073018513,36.95984366351889,0.3610234924398715,14.323819205582502,69.68185000580954,0.6652716998992324,IS,,MARWILTrainer,2014.458161830902
18,102.44082784341421,36.390764719480146,0.35182473518863644,13.719694651776283,69.45070238249852,0.6621167815185678,IS,,MARWILTrainer,2014.458161830902
19,102.57564830690885,36.61497221729677,0.35439177314395875,12.799634697491983,69.55443495119269,0.6631900338618711,IS,,MARWILTrainer,2014.458161830902
20,102.32619434431867,35.04680112326465,0.34099798928548875,13.609217915675355,64.71455815733557,0.6162417752328866,IS,,MARWILTrainer,2014.458161830902
21,102.33089085562821,36.33520048029166,0.35809530493628033,14.619317193541024,69.2359922234938,0.6686480893535205,IS,,MARWILTrainer,2014.458161830902
22,102.75364273380873,35.94168878605807,0.349584174153887,12.633555028940835,68.99796330374828,0.6614525120666852,IS,,MARWILTrainer,2014.458161830902
23,102.0547653228741,36.603914061778035,0.36067232261231097,14.305955116737605,69.62628621895004,0.6709730778615433,IS,,MARWILTrainer,2014.458161830902
24,102.40275222042445,36.78399100501779,0.3591329823500809,13.919830234699425,69.70275089852169,0.6658700081193563,IS,,MARWILTrainer,2014.458161830902
25,102.69773852004312,36.59203325717188,0.3538767350799855,12.971634647364146,69.54258510780943,0.663005403778778,IS,,MARWILTrainer,2014.458161830902
26,102.47408252458926,36.87080092664854,0.3624930051395338,13.346537003230054,69.5345506515236,0.6731977771164669,IS,,MARWILTrainer,2014.458161830902
27,102.15030332799248,36.29366348814992,0.35145417316200145,13.959112171016894,69.61489721987917,0.6635794587563568,IS,,MARWILTrainer,2014.458161830902
28,102.42783256011812,34.47037748495433,0.33315036206680865,14.24417058383169,64.29634582032415,0.6118211291765495,IS,,MARWILTrainer,2014.458161830902
29,102.71365443696247,36.305841385804534,0.35367731328355523,12.861524137596362,68.96727963593074,0.6612562102768712,IS,,MARWILTrainer,2014.458161830902
30,102.49949964735416,36.56347602322205,0.35414849183157315,12.823106706412707,69.71272872953999,0.6649680481992212,IS,,MARWILTrainer,2014.458161830902
31,102.3355052334205,36.8038032899808,0.35738501421985963,13.307959005080965,69.70321923864566,0.665206262266714,IS,,MARWILTrainer,2014.458161830902
32,102.58101031980887,36.614354084827895,0.3544575131065147,13.215732401962281,69.52764915120959,0.6628109462606073,IS,,MARWILTrainer,2014.458161830902
33,102.56973921554997,36.70681919135177,0.3550833518703244,12.948918250939688,69.5726429189849,0.6638295575814984,IS,,MARWILTrainer,2014.458161830902
34,102.44967617841725,36.62420498520285,0.3556773645943722,12.830264703061571,69.55935771963567,0.6636058578164079,IS,,MARWILTrainer,2014.458161830902
35,102.46848090995253,34.45684676416832,0.33338276176002385,13.280355458630103,64.40281533657645,0.6126650239855556,IS,,MARWILTrainer,2014.458161830902
36,102.69375668098465,37.067729070372806,0.35983783311652434,13.671717642454828,69.6453675309292,0.664361319687501,IS,,MARWILTrainer,2014.458161830902
37,102.17032371536432,35.613974844631024,0.346662441460785,13.668561456418182,68.9489403680547,0.6609341074496158,IS,,MARWILTrainer,2014.458161830902
38,102.15283648700255,36.541061309118795,0.3554001843596971,14.251476843925166,69.62332681921042,0.6641043353447368,IS,,MARWILTrainer,2014.458161830902
39,102.7101367711496,37.183381449684404,0.3598541112601907,12.733228649736763,69.77378623147517,0.6658284082026205,IS,,MARWILTrainer,2014.458161830902
40,102.4255845127808,36.38702178460309,0.35214753048575986,13.91231474960864,69.45294377439406,0.6620356350058284,IS,,MARWILTrainer,2014.458161830902
41,102.22684632926098,36.351863315669895,0.35218674538710587,13.970296897046527,69.46915008048424,0.6619359325642867,IS,,MARWILTrainer,2014.458161830902
42,102.64533899197357,35.144896108294084,0.3403380353118052,12.552923789429109,64.83087451187258,0.6174311679865985,IS,,MARWILTrainer,2014.458161830902
43,102.3669728525505,36.19753243914478,0.34988015992610405,14.52521801179083,69.27508968859243,0.6606543512553019,IS,,MARWILTrainer,2014.458161830902
44,102.6812850194007,35.90860307332628,0.34883151420408315,13.118012380548578,69.0152651759914,0.6617302721089483,IS,,MARWILTrainer,2014.458161830902
45,102.12831482231505,36.61946961374252,0.35866628267249495,14.129405919931832,69.62508781955817,0.6651804117137244,IS,,MARWILTrainer,2014.458161830902
46,102.32109595781739,36.81774625550928,0.35827343148839846,13.698553751835894,69.69674029031985,0.6650335756329421,IS,,MARWILTrainer,2014.458161830902
47,102.747282290658,36.64704806601215,0.3542659090055965,12.778458193016544,69.52158639836475,0.662827939128483,IS,,MARWILTrainer,2014.458161830902
48,102.43852050135827,36.72836348196865,0.35830254574073883,13.499433312262637,69.56335096225551,0.6683004634879408,IS,,MARWILTrainer,2014.458161830902
49,102.24253205190715,36.292372944365276,0.35111260587680754,13.416612270122398,69.6148125431946,0.6637119182792124,IS,,MARWILTrainer,2014.458161830902
50,102.48627650027329,34.48463696570406,0.3335620418479179,13.451969149913552,64.28883844406279,0.6116276950037048,IS,,MARWILTrainer,2014.458161830902
51,102.71473157236196,36.24854196834775,0.3527471030745631,12.590585746079553,68.98673603466675,0.6615129775670981,IS,,MARWILTrainer,2014.458161830902
52,102.44803470520212,36.51114173351405,0.35365216738871186,13.008488936436098,69.72710348101309,0.6650612387570526,IS,,MARWILTrainer,2014.458161830902
53,102.40194631445891,36.810386373840196,0.358181277403864,13.302032900693927,69.70318075965457,0.6655940319257906,IS,,MARWILTrainer,2014.458161830902
54,102.48690262053101,36.66778698674826,0.3587779259190945,13.7294926492641,69.52170960819154,0.6664448078018531,IS,,MARWILTrainer,2014.458161830902
55,102.61338309257657,36.716195374796854,0.35532562718623506,12.970599855832678,69.5695111729972,0.663761670555155,IS,,MARWILTrainer,2014.458161830902
56,102.35424515177048,36.53080655209691,0.35537963726424143,13.392492983143438,69.56831514190566,0.6635278742254521,IS,,MARWILTrainer,2014.458161830902
57,102.09171332768976,34.6624619506548,0.34527507418806686,14.551572079395413,64.37726463171445,0.6416384332157602,IS,,MARWILTrainer,2014.458161830902
58,102.61636092087178,36.55005308079252,0.35359539151716907,14.005713661730496,69.35304299044722,0.6614659845696189,IS,,MARWILTrainer,2014.458161830902
59,102.60048698918483,35.76334219207728,0.34768770291542905,12.429383663772976,69.05121304885698,0.6620098238440255,IS,,MARWILTrainer,2014.458161830902
60,102.15625609936771,36.531303015425166,0.3564652854245366,14.423172923762936,69.62766698692859,0.6642933293605098,IS,,MARWILTrainer,2014.458161830902
61,102.65703446101216,37.135401913338754,0.35951213286044426,12.741093479498696,69.78055704257315,0.6658725495414015,IS,,MARWILTrainer,2014.458161830902
62,102.45200426691085,36.372451658936576,0.35127295365957345,14.152197487665704,69.45967718189608,0.6623594756033734,IS,,MARWILTrainer,2014.458161830902
63,102.18126688501307,36.32802914426839,0.35133351715296335,14.035011819628556,69.47958667678961,0.6622002841405648,IS,,MARWILTrainer,2014.458161830902
64,102.29804615957029,35.34052000797716,0.3525273980656047,13.550269275632763,64.71353637824346,0.64206754162184,IS,,MARWILTrainer,2014.458161830902
65,102.81527943399638,35.04450986882042,0.3391746444998881,12.726664741537476,64.61927332643103,0.6155936996711352,IS,,MARWILTrainer,2014.458161830902
66,102.25498617424506,35.79126969251418,0.3493971305857468,14.70808566364936,68.89868167019912,0.660284636495782,IS,,MARWILTrainer,2014.458161830902
67,102.55612674398013,36.83425405163925,0.3573169700447403,12.617317670814412,69.72981380307276,0.6655698358792509,IS,,MARWILTrainer,2014.458161830902
68,102.32674949700015,36.74385752641454,0.3565989318627309,13.513277507593124,69.71446040675507,0.6650648162329617,IS,,MARWILTrainer,2014.458161830902
69,102.68241791740824,36.6984782961715,0.35522024719924966,12.86307268816761,69.51322903873243,0.6628105773065469,IS,,MARWILTrainer,2014.458161830902
70,102.40660240134062,36.72346114519593,0.357584310905856,13.735212995583352,69.56656014744917,0.6665415469898858,IS,,MARWILTrainer,2014.458161830902
71,102.27221258125765,36.293860811286436,0.35110880199143707,13.298677497091333,69.61490452938405,0.6637206060611384,IS,,MARWILTrainer,2014.458161830902
72,102.56953577805156,34.54613013451839,0.3343557297421194,13.080827008978964,64.2713832147934,0.6115095531435133,IS,,MARWILTrainer,2014.458161830902
73,102.70562783079954,36.23714596616208,0.3524479647649727,12.726873490668199,68.99294339967327,0.6616274347926177,IS,,MARWILTrainer,2014.458161830902
74,102.42243649064183,36.50911007919036,0.3542244709471618,13.43638639330345,69.72853178357754,0.6650214103831666,IS,,MARWILTrainer,2014.458161830902
75,101.92690468252388,36.593134319427655,0.3633796872145131,15.366373509845788,69.61310960355439,0.6682078116123953,IS,,MARWILTrainer,2014.458161830902
76,102.88017176764032,36.62940585055809,0.35376822058347096,12.666134021646336,69.67825786695236,0.6643980796976182,IS,,MARWILTrainer,2014.458161830902
77,102.14998330979246,36.586064797422104,0.36388299093818,14.952043979685364,69.45757125740718,0.6758255330239501,IS,,MARWILTrainer,2014.458161830902
78,102.67448856474853,36.46493262314071,0.3525522991067673,12.5747616675083,69.70876798918695,0.6645703286362815,IS,,MARWILTrainer,2014.458161830902
79,102.06456392502614,34.823940603269726,0.35146500956328924,14.765566689891754,64.5490061962083,0.6517663452679138,IS,,MARWILTrainer,2014.458161830902
80,102.71045190618243,36.53611592899108,0.35450066057156,13.483553315106107,69.3558252276214,0.6612459953089067,IS,,MARWILTrainer,2014.458161830902
81,102.29959828470862,35.69449790294351,0.3488353339881232,13.189913897304551,68.92249142007822,0.6610812778138803,IS,,MARWILTrainer,2014.458161830902
82,102.57094390993471,36.70753927403676,0.3555740197263668,12.607239610100338,69.73227115219225,0.6654137827513426,IS,,MARWILTrainer,2014.458161830902
83,102.21175888463448,37.052337323986734,0.3602102114975159,14.037266807918288,69.66353717658079,0.6647341108760223,IS,,MARWILTrainer,2014.458161830902
84,102.92819850654446,36.519253511934515,0.3526879906420239,12.486544768991793,69.56434734433016,0.663349762665432,IS,,MARWILTrainer,2014.458161830902
85,102.16172694109659,36.33633746655227,0.35400037695963543,14.334466320891238,69.4760810878715,0.6624196429574819,IS,,MARWILTrainer,2014.458161830902
86,102.35653260306317,35.69907432035352,0.35099617842331676,12.994021558383519,64.96094239057022,0.6305169718915415,IS,,MARWILTrainer,2014.458161830902
87,102.38177308561305,39.87038022077698,0.41345295448117586,13.888755318691338,105.11984995367625,1.3843039395808165,IS,,MARWILTrainer,2014.458161830902
88,102.74828403673342,36.02418981753515,0.35056833649208563,12.692476631983245,68.96704233469028,0.6611133347942039,IS,,MARWILTrainer,2014.458161830902
89,102.53284690472132,36.754060098612385,0.3562968656977307,12.71686342957715,69.73849828449332,0.6654483613685342,IS,,MARWILTrainer,2014.458161830902
90,102.25840002660951,36.7997443349164,0.36380343603025106,14.057006507558704,69.69930544091375,0.673789346636067,IS,,MARWILTrainer,2014.458161830902
91,102.23528260030173,36.48136379172533,0.35611710470981783,14.471597249630179,69.42296596442081,0.662187942880936,IS,,MARWILTrainer,2014.458161830902
92,102.7778063010682,36.850618925867195,0.3573449045772407,12.639387034107525,69.68063788328591,0.6662871894070659,IS,,MARWILTrainer,2014.458161830902
93,102.3070070013469,36.29506792401622,0.3511385514243517,13.303598978245152,69.61480830475925,0.6637114076612802,IS,,MARWILTrainer,2014.458161830902
94,102.49893062436387,34.46074528581549,0.3332042905850314,13.353548764630645,64.30090746751846,0.6117926000403121,IS,,MARWILTrainer,2014.458161830902
95,102.71485378325389,36.2564324850155,0.352883842111718,12.848477212959938,68.98443084533015,0.6614554738044139,IS,,MARWILTrainer,2014.458161830902
96,102.0237971252366,36.374812746872934,0.3551965445024036,14.835605211919338,69.61785608337338,0.6637732158908407,IS,,MARWILTrainer,2014.458161830902
97,102.39029655014193,36.80705900896749,0.3584573583367969,13.508499664197842,69.6987767508492,0.6654748134326142,IS,,MARWILTrainer,2014.458161830902
98,102.45822865527508,36.49312217575156,0.36168602059515575,14.151353647985651,69.56816820756761,0.6753122085550602,IS,,MARWILTrainer,2014.458161830902
99,102.55535781929258,36.69676258508425,0.3607252327413461,13.525671699854376,69.42306765923662,0.6693912265378887,IS,,MARWILTrainer,2014.458161830902
100,102.33735582061365,36.45293421113429,0.35771623615808745,13.49588149362517,69.58729629505697,0.6694324547067908,IS,,MARWILTrainer,2014.458161830902
101,102.48402754001285,35.14129927533965,0.3462674430291966,13.029693540008324,64.78206498194092,0.6350898328188439,IS,,MARWILTrainer,2014.458161830902
102,102.74707421583044,36.60520309138871,0.3547441828531618,13.156553405882212,69.33327590943361,0.6610938965105635,IS,,MARWILTrainer,2014.458161830902
103,102.41451936701579,35.78608671902386,0.34871399132808545,12.687434762155576,68.8950932483474,0.6604599391071867,IS,,MARWILTrainer,2014.458161830902
104,102.52174661383562,36.582553413089045,0.3543726452414629,12.598180438446,69.76621570659768,0.665761501479272,IS,,MARWILTrainer,2014.458161830902
105,102.24430136434209,36.93169791870496,0.35782241808860216,13.78753768782711,69.69461702607076,0.6648983367793943,IS,,MARWILTrainer,2014.458161830902
106,102.53984379195077,36.503985916639515,0.35553250913808276,13.427832893522758,69.41266553479876,0.6629104393043634,IS,,MARWILTrainer,2014.458161830902
107,102.59760087834496,36.38221641348828,0.3515389026056596,12.676190400351157,69.61499562235161,0.6636349178744424,IS,,MARWILTrainer,2014.458161830902
108,102.38357531203349,35.993902274027086,0.3517442249190658,12.914697487663291,65.6942252484943,0.6335127730244703,IS,,MARWILTrainer,2014.458161830902
109,102.36053000808924,34.49380184317097,0.33505511447028313,13.814695031306774,64.28932545185792,0.6119413546243875,IS,,MARWILTrainer,2014.458161830902
110,102.74148010410408,35.97458561856428,0.34972886946063086,12.605673813811308,68.98870405729151,0.661401302987027,IS,,MARWILTrainer,2014.458161830902
111,102.15943835902758,36.67017021345272,0.35846900248255115,13.918436277603606,69.608664937233,0.6648208821010353,IS,,MARWILTrainer,2014.458161830902
112,102.65444857577829,36.79769791721704,0.3562360038489874,12.718732589267196,69.85337445720307,0.666614030396532,IS,,MARWILTrainer,2014.458161830902
113,102.24678901628572,36.486592115128296,0.35413634532630694,14.277685211130473,69.41893603357363,0.6614809996272232,IS,,MARWILTrainer,2014.458161830902
114,102.7707097965783,36.862675664420344,0.3566935722027827,12.509925710737734,69.67454022575076,0.6651459529801809,IS,,MARWILTrainer,2014.458161830902
115,102.25851803530416,36.60338918708357,0.37790713870318476,13.8018789335261,69.62614597337227,0.7735931023378289,IS,,MARWILTrainer,2014.458161830902
116,102.47991391264186,34.480984792413174,0.33415982547674467,13.63187499938031,64.29040826439797,0.6115337431233175,IS,,MARWILTrainer,2014.458161830902
117,102.31295539733938,36.2806760087413,0.3604806618759649,14.29052340212763,68.83161911021739,0.6656027072584999,IS,,MARWILTrainer,2014.458161830902
118,102.46899006289719,37.616201026155274,0.3629821498554418,13.09161484819014,74.35594952943067,0.697199499583312,IS,,MARWILTrainer,2014.458161830902
119,102.3932493085482,36.827658404961944,0.3578608463459049,13.284646914182197,69.69362815225784,0.6650401708442389,IS,,MARWILTrainer,2014.458161830902
120,102.54779231692066,36.88631207768119,0.36500529515581914,13.473661413737215,69.66979152648919,0.6862780259084544,IS,,MARWILTrainer,2014.458161830902
121,102.55529486515779,36.54045801461778,0.3561558988413436,13.242912290996104,69.39809808035,0.6637905608867699,IS,,MARWILTrainer,2014.458161830902
122,102.41991833710658,36.44767064191441,0.353734624109581,12.996025949572488,69.59206348350261,0.6640684011145087,IS,,MARWILTrainer,2014.458161830902
123,102.46796914035465,35.22982383920683,0.34466340642263454,12.805405537147857,64.86460196641843,0.6249489322420541,IS,,MARWILTrainer,2014.458161830902
124,102.70863019101981,36.781597293546405,0.3581006609666781,13.113586993539498,69.35371586183335,0.6631625598316188,IS,,MARWILTrainer,2014.458161830902
125,102.44859804723687,35.732322948247486,0.34777598920787595,12.707954451914123,68.90777021298582,0.6605384769195819,IS,,MARWILTrainer,2014.458161830902
126,102.47981309842869,36.578869085089345,0.3543134065027683,12.804698116442804,69.76691929419648,0.6657739799779867,IS,,MARWILTrainer,2014.458161830902
127,102.26937862999071,36.930414003145955,0.35804710003412044,13.840870801792843,69.69415682322361,0.6648379663902254,IS,,MARWILTrainer,2014.458161830902
128,102.57685932217768,36.476174476977384,0.353243111914817,13.024576528653574,69.42400739577366,0.6619706895981703,IS,,MARWILTrainer,2014.458161830902
129,102.58637059886173,36.94640112984141,0.3590361694914045,12.695266151064388,69.8992685869829,0.6703955282662006,IS,,MARWILTrainer,2014.458161830902
130,102.31177202291605,36.686095271699784,0.3586932116414246,13.393371535249042,68.67768567701187,0.6651257344195634,IS,,MARWILTrainer,2014.458161830902
131,102.37581198172215,34.455056030022256,0.33508660089601744,13.893000441985365,64.29924804734719,0.6119595619173823,IS,,MARWILTrainer,2014.458161830902
132,102.77109620788353,36.06979001619498,0.3514169663587793,12.703447738626524,68.95614219407742,0.6611425289693493,IS,,MARWILTrainer,2014.458161830902
133,102.11876534604336,36.628179078864285,0.35623283154423174,14.045008579272691,69.62748933571277,0.6642665224230497,IS,,MARWILTrainer,2014.458161830902
134,102.64045537195163,36.793403669682,0.356180355005399,12.770261451523497,69.85591722751836,0.6666371900780945,IS,,MARWILTrainer,2014.458161830902
135,102.28380798419015,36.4647424991649,0.3610262828800692,14.365288700926119,69.4298656435911,0.6710624877729936,IS,,MARWILTrainer,2014.458161830902
136,102.34211736492232,36.724656086138005,0.3563590470309607,13.652397674345123,69.56589886421091,0.6635360001361805,IS,,MARWILTrainer,2014.458161830902
137,102.64037789634496,36.572441509668415,0.35359553590322024,12.479440634719467,69.69953087882601,0.6645478228356666,IS,,MARWILTrainer,2014.458161830902
138,102.41993526941992,34.45855226388826,0.335591304402384,14.179436448424518,64.30171945339875,0.6118576572661811,IS,,MARWILTrainer,2014.458161830902
139,102.39431878925505,36.30148425314045,0.3571181908938593,13.991475323389627,68.84995654397902,0.6612068276412096,IS,,MARWILTrainer,2014.458161830902
140,102.48217030902335,38.060072164418486,0.3705069632324778,12.634224322825354,77.21551380618088,0.7454976854773724,IS,,MARWILTrainer,2014.458161830902
141,102.40250866407538,36.90080850227884,0.35918663734376727,13.230132489600468,69.68538355565694,0.6655321491529231,IS,,MARWILTrainer,2014.458161830902
142,102.48325761977986,36.89139733046715,0.3607226007264994,13.561769093820983,69.6992811540602,0.6725583578712196,IS,,MARWILTrainer,2014.458161830902
143,102.55341110096134,36.47665850618185,0.3542358981497593,13.17793814703719,69.41642587294187,0.6627093367469368,IS,,MARWILTrainer,2014.458161830902
144,102.47193370124096,36.449969922618756,0.35289307901320444,12.871342741050377,69.59279372575818,0.6636122461954774,IS,,MARWILTrainer,2014.458161830902
145,102.46724263508221,35.55883817436901,0.35013696429215285,12.868538943128094,65.41022376197145,0.6420535791197961,IS,,MARWILTrainer,2014.458161830902
146,102.61420406445728,36.53619286381548,0.3543489062647014,13.604004199286361,69.35612122136745,0.6612172615080356,IS,,MARWILTrainer,2014.458161830902
147,102.4781432620416,35.75928164402779,0.3483865588005719,12.894175691243818,68.90039848273537,0.6605132271047525,IS,,MARWILTrainer,2014.458161830902
148,102.00467875720481,36.463009200797714,0.353809088739288,14.734438862082175,69.6497293524035,0.6645215674670575,IS,,MARWILTrainer,2014.458161830902
149,102.72414415230006,37.22993531204576,0.36024889193154797,12.676813571004134,69.82017799211965,0.6663345181652917,IS,,MARWILTrainer,2014.458161830902
0,102.74147614166039,87.5738737967319,0.8477701612189952,12.59197336128982,189.04338805292434,1.7690167024905088,WIS,,MARWILTrainer,2014.458161830902
1,102.05520254822338,94.74193992287492,0.9172265185151239,14.364121592959494,223.73948521292016,2.0956209980294482,WIS,,MARWILTrainer,2014.458161830902
2,102.73682376433572,97.40924036888781,0.9359743768236716,12.692780019965738,229.6166961147906,2.1542198490368065,WIS,,MARWILTrainer,2014.458161830902
3,102.33843338131484,96.9186611446167,0.9328132390119007,14.21041077047999,230.57547195499185,2.163032928304191,WIS,,MARWILTrainer,2014.458161830902
4,102.43312026962589,97.63254984993326,0.9505233145107992,13.647651312546444,231.7187164244515,2.1837910154627216,WIS,,MARWILTrainer,2014.458161830902
5,102.54673114006083,97.77083200053444,0.9397120109180838,12.656080893491927,233.39363892687092,2.191263028516713,WIS,,MARWILTrainer,2014.458161830902
6,102.43937832640128,90.20814395856566,0.8660560247729893,13.968174733672294,215.75155078240658,2.0139773943650727,WIS,,MARWILTrainer,2014.458161830902
7,102.25269137768603,95.11909238949592,0.9245172835144345,14.498966053046985,229.59985108269262,2.169383375713222,WIS,,MARWILTrainer,2014.458161830902
8,102.45491068775415,96.24912513336339,0.9245248389658413,13.184535557408191,233.3219864010473,2.1891270538565486,WIS,,MARWILTrainer,2014.458161830902
9,102.3383017289212,98.20267191593578,0.9450004576016511,13.475497117477964,234.03745508959568,2.1979089658135194,WIS,,MARWILTrainer,2014.458161830902
10,102.61935580124174,97.46299389700442,0.9358322194264104,13.247511272075135,234.18560630935403,2.1990197936292146,WIS,,MARWILTrainer,2014.458161830902
11,102.52201846689138,97.86769985658772,0.9402170607978918,13.16375148936953,233.94886692604643,2.1974043430043166,WIS,,MARWILTrainer,2014.458161830902
12,102.44381969085222,98.02128823289515,0.944665787319303,12.887894888606994,234.47987848977814,2.202430167838221,WIS,,MARWILTrainer,2014.458161830902
13,102.54651872425306,90.60219179978758,0.8699711206142371,12.86963552681211,217.1781286066177,2.0281521311431603,WIS,,MARWILTrainer,2014.458161830902
14,102.6672066229998,98.68918985645463,0.9498454969401808,13.466870349777043,234.55261224993637,2.202915884947336,WIS,,MARWILTrainer,2014.458161830902
15,102.20909964996245,92.85015875168257,0.8988860538974286,13.215433683964122,230.2188190306292,2.1745924063896065,WIS,,MARWILTrainer,2014.458161830902
16,102.54179142624048,97.91370120937042,0.941309097266512,13.034125325024593,234.9235406134678,2.2068157129282535,WIS,,MARWILTrainer,2014.458161830902
17,102.31158073018513,98.40002061670697,0.9489433518288662,14.323819205582502,234.85605506668153,2.205383032638033,WIS,,MARWILTrainer,2014.458161830902
18,102.44082784341421,97.3868864034786,0.9350605807464905,13.719694651776283,234.49596248172412,2.202397190980195,WIS,,MARWILTrainer,2014.458161830902
19,102.57564830690885,98.07094840054167,0.9426867468570236,12.799634697491983,234.9771855244757,2.207162014460664,WIS,,MARWILTrainer,2014.458161830902
20,102.32619434431867,92.40051994816707,0.8903849795694748,13.609217915675355,218.11370014502612,2.0392999500592666,WIS,,MARWILTrainer,2014.458161830902
21,102.33089085562821,96.48598864672638,0.9350112236778944,14.619317193541024,234.09957318407345,2.200433038301862,WIS,,MARWILTrainer,2014.458161830902
22,102.75364273380873,93.86384120838825,0.9076900392672461,12.633555028940835,230.92182697298958,2.181888365659998,WIS,,MARWILTrainer,2014.458161830902
23,102.0547653228741,96.88196621994875,0.9412497792551657,14.305955116737605,234.51252286583835,2.2065675926367834,WIS,,MARWILTrainer,2014.458161830902
24,102.40275222042445,98.10695639638405,0.945767044212447,13.919830234699425,235.21814042011482,2.2091810368268945,WIS,,MARWILTrainer,2014.458161830902
25,102.69773852004312,97.93108185238583,0.9404022607416573,12.971634647364146,235.13931235338285,2.2085430257259673,WIS,,MARWILTrainer,2014.458161830902
26,102.47408252458926,98.42461154946275,0.953554319568172,13.346537003230054,234.7343922943828,2.207872148902261,WIS,,MARWILTrainer,2014.458161830902
27,102.15030332799248,97.73914083104707,0.9398602992714951,13.959112171016894,235.3822485466109,2.211054033747592,WIS,,MARWILTrainer,2014.458161830902
28,102.42783256011812,90.49195794079934,0.8676445882284182,14.24417058383169,217.42830397655635,2.0310834013719705,WIS,,MARWILTrainer,2014.458161830902
29,102.71365443696247,95.89533405680584,0.9288605602288854,12.861524137596362,231.662296619173,2.1902780016612864,WIS,,MARWILTrainer,2014.458161830902
30,102.49949964735416,96.19842607505282,0.9237084499248421,12.823106706412707,234.81958122570455,2.2040295349207493,WIS,,MARWILTrainer,2014.458161830902
31,102.3355052334205,98.5321594641827,0.950557639321505,13.307959005080965,235.3084693336587,2.2110858985928536,WIS,,MARWILTrainer,2014.458161830902
32,102.58101031980887,97.86027275602625,0.9408794689809861,13.215732401962281,235.24145447980973,2.2094803151039963,WIS,,MARWILTrainer,2014.458161830902
33,102.56973921554997,98.03455446961252,0.9417492415974338,12.948918250939688,234.92000126341281,2.2070587670717874,WIS,,MARWILTrainer,2014.458161830902
34,102.44967617841725,98.47021428907357,0.9496187225947756,12.830264703061571,235.30931290946583,2.21097464716832,WIS,,MARWILTrainer,2014.458161830902
35,102.46848090995253,90.56127416695172,0.8686539965363616,13.280355458630103,217.9107459020369,2.0354887972804256,WIS,,MARWILTrainer,2014.458161830902
36,102.69375668098465,98.82621190680001,0.9509496714140644,13.671717642454828,235.26662116860908,2.20995772793389,WIS,,MARWILTrainer,2014.458161830902
37,102.17032371536432,92.92902417538585,0.8985807764560769,13.668561456418182,230.90362814636666,2.1815069390811987,WIS,,MARWILTrainer,2014.458161830902
38,102.15283648700255,97.68084623512316,0.9409733659492541,14.251476843925166,235.08963020481687,2.208130595449526,WIS,,MARWILTrainer,2014.458161830902
39,102.7101367711496,99.15238133592582,0.9529242158773942,12.733228649736763,235.7286062828427,2.21458858036119,WIS,,MARWILTrainer,2014.458161830902
40,102.4255845127808,97.45565620211906,0.9360489617745246,13.91231474960864,234.9851543246966,2.2071482530659856,WIS,,MARWILTrainer,2014.458161830902
41,102.22684632926098,97.60266597527624,0.9383744846594457,13.970296897046527,235.0716479777276,2.208092192243962,WIS,,MARWILTrainer,2014.458161830902
42,102.64533899197357,92.83612483015602,0.8921920374439487,12.552923789429109,218.88253481170443,2.046475209222659,WIS,,MARWILTrainer,2014.458161830902
43,102.3669728525505,96.38728336224166,0.9246755354009317,14.52521801179083,234.563475144795,2.2022452952886047,WIS,,MARWILTrainer,2014.458161830902
44,102.6812850194007,94.41343414836987,0.912303092602682,13.118012380548578,231.57886135299995,2.1888056349251923,WIS,,MARWILTrainer,2014.458161830902
45,102.12831482231505,96.99710421017612,0.9384777106038305,14.129405919931832,234.83609657977502,2.205557844400583,WIS,,MARWILTrainer,2014.458161830902
46,102.32109595781739,98.27764995611584,0.9473872994840735,13.698553751835894,235.49887286882674,2.212135838540408,WIS,,MARWILTrainer,2014.458161830902
47,102.747282290658,98.08980727432825,0.9417936722117444,12.778458193016544,235.3715189395095,2.210912842140111,WIS,,MARWILTrainer,2014.458161830902
48,102.43852050135827,98.08263592073762,0.9454414516538522,13.499433312262637,235.07170567528863,2.209337146448515,WIS,,MARWILTrainer,2014.458161830902
49,102.24253205190715,97.78084872460828,0.9398540941217487,13.416612270122398,235.62600257258137,2.2136431634075224,WIS,,MARWILTrainer,2014.458161830902
50,102.48627650027329,90.57278530866722,0.8689931031893695,13.451969149913552,217.60250675205685,2.032645071581344,WIS,,MARWILTrainer,2014.458161830902
51,102.71473157236196,95.85590031559462,0.9278977099026737,12.590585746079553,231.9127879738948,2.192917884026462,WIS,,MARWILTrainer,2014.458161830902
52,102.44803470520212,96.15969708873585,0.9233263127637161,13.008488936436098,235.04946588553923,2.2063040420616042,WIS,,MARWILTrainer,2014.458161830902
53,102.40194631445891,98.38788016479553,0.9483867522262582,13.302032900693927,235.54904164777366,2.2127991426903733,WIS,,MARWILTrainer,2014.458161830902
54,102.48690262053101,97.83690263250966,0.9444755413353852,13.7294926492641,235.47190785743518,2.2123111230331878,WIS,,MARWILTrainer,2014.458161830902
55,102.61338309257657,98.08281149559083,0.9423639068207776,12.970599855832678,235.12662968233641,2.209056195731179,WIS,,MARWILTrainer,2014.458161830902
56,102.35424515177048,98.18054996814641,0.9463261497142339,13.392492983143438,235.5723593705691,2.212723604908168,WIS,,MARWILTrainer,2014.458161830902
57,102.09171332768976,90.69692429387459,0.8834013104727513,14.551572079395413,217.66283345559776,2.0466811094454083,WIS,,MARWILTrainer,2014.458161830902
58,102.61636092087178,97.79280163821782,0.9395607712547874,14.005713661730496,235.22518014096542,2.2094417528842394,WIS,,MARWILTrainer,2014.458161830902
59,102.60048698918483,93.36488230911968,0.9020208659225919,12.429383663772976,231.547404403568,2.1878118383391856,WIS,,MARWILTrainer,2014.458161830902
60,102.15625609936771,97.73221326026186,0.942598269058459,14.423172923762936,235.3201259127268,2.2101459034427635,WIS,,MARWILTrainer,2014.458161830902
61,102.65703446101216,99.07411996237556,0.9524440557359731,12.741093479498696,235.9717493249837,2.216904217531094,WIS,,MARWILTrainer,2014.458161830902
62,102.45200426691085,97.49528690196466,0.9355152340380052,14.152197487665704,235.20751155605365,2.2096410406305997,WIS,,MARWILTrainer,2014.458161830902
63,102.18126688501307,97.62872877861733,0.9380046185095671,14.035011819628556,235.2968290030111,2.2104902297185443,WIS,,MARWILTrainer,2014.458161830902
64,102.29804615957029,93.09832913669806,0.9126937474997859,13.550269275632763,218.58928944658436,2.0651064095403275,WIS,,MARWILTrainer,2014.458161830902
65,102.81527943399638,93.2166205897892,0.8960823543344406,12.726664741537476,220.4876535247498,2.0664062859080774,WIS,,MARWILTrainer,2014.458161830902
66,102.25498617424506,94.21864023221613,0.9117781449169053,14.70808566364936,231.6676674658714,2.1889757931947162,WIS,,MARWILTrainer,2014.458161830902
67,102.55612674398013,97.65309632353718,0.9397987562878068,12.617317670814412,235.63746789815266,2.2135707946782657,WIS,,MARWILTrainer,2014.458161830902
68,102.32674949700015,98.13623196664432,0.9445527367541136,13.513277507593124,235.96507467563944,2.216669822973649,WIS,,MARWILTrainer,2014.458161830902
69,102.68241791740824,98.26556137855295,0.9444811159329537,12.86307268816761,235.76332915166427,2.214706558588927,WIS,,MARWILTrainer,2014.458161830902
70,102.40660240134062,98.15672970330928,0.9453937044233071,13.735212995583352,235.47025015597103,2.2127729198992356,WIS,,MARWILTrainer,2014.458161830902
71,102.27221258125765,97.86134822129748,0.940575188859969,13.298677497091333,236.0131464700951,2.217420033497163,WIS,,MARWILTrainer,2014.458161830902
72,102.56953577805156,90.64792817052754,0.869654959642874,13.080827008978964,217.9354877385106,2.0359096564968797,WIS,,MARWILTrainer,2014.458161830902
73,102.70562783079954,95.92531472430875,0.9281786517917447,12.726873490668199,232.291637374555,2.1966833003258386,WIS,,MARWILTrainer,2014.458161830902
74,102.42243649064183,96.2301633108726,0.9247085467077967,13.43638639330345,235.42256245284673,2.2097461318340543,WIS,,MARWILTrainer,2014.458161830902
75,101.92690468252388,97.94499544584619,0.9505457706979739,15.366373509845788,235.5465327293561,2.211918067069108,WIS,,MARWILTrainer,2014.458161830902
76,102.88017176764032,98.08352599616812,0.9411065611573648,12.666134021646336,236.30835008543158,2.2199543969434976,WIS,,MARWILTrainer,2014.458161830902
77,102.14998330979246,97.76868371297208,0.9481074864013771,14.952043979685364,235.07802064711763,2.209426889587507,WIS,,MARWILTrainer,2014.458161830902
78,102.67448856474853,98.30368560454104,0.9444728972155583,12.5747616675083,236.41089502758626,2.2211034017528624,WIS,,MARWILTrainer,2014.458161830902
79,102.06456392502614,91.16218707796328,0.8961539258492677,14.765566689891754,218.11373438636207,2.06651410301392,WIS,,MARWILTrainer,2014.458161830902
80,102.71045190618243,97.81773197400736,0.9417654583195488,13.483553315106107,235.54581712015403,2.2120586949626997,WIS,,MARWILTrainer,2014.458161830902
81,102.29959828470862,93.11932554663302,0.9017111474453108,13.189913897304551,231.431721663005,2.186468441146416,WIS,,MARWILTrainer,2014.458161830902
82,102.57094390993471,98.2611860348656,0.9448302195489015,12.607239610100338,235.99829804493888,2.2173296520973653,WIS,,MARWILTrainer,2014.458161830902
83,102.21175888463448,98.72204943078322,0.9507887108591978,14.037266807918288,235.86118336538345,2.215551842122465,WIS,,MARWILTrainer,2014.458161830902
84,102.92819850654446,97.94837763515662,0.9398514029983767,12.486544768991793,235.89194177572483,2.216130959362873,WIS,,MARWILTrainer,2014.458161830902
85,102.16172694109659,97.68948721175687,0.9410112754020145,14.334466320891238,235.5756003327255,2.2126144469477147,WIS,,MARWILTrainer,2014.458161830902
86,102.35653260306317,94.19718749040356,0.918551057927154,12.994021558383519,219.3579329267923,2.074658555550837,WIS,,MARWILTrainer,2014.458161830902
87,102.38177308561305,115.96206723693786,1.2455685298979842,13.888755318691338,451.23131533941046,6.219790562062715,WIS,,MARWILTrainer,2014.458161830902
88,102.74828403673342,94.52082973281833,0.9138630271439399,12.692476631983245,231.76929062472928,2.190183129558106,WIS,,MARWILTrainer,2014.458161830902
89,102.53284690472132,97.27446116612732,0.9357298792392974,12.71686342957715,235.40304203498627,2.2112430924024586,WIS,,MARWILTrainer,2014.458161830902
90,102.25840002660951,97.98975476891836,0.9503257438107261,14.057006507558704,235.69610669178454,2.2157991645714916,WIS,,MARWILTrainer,2014.458161830902
91,102.23528260030173,97.53705056224888,0.9403465417356246,14.471597249630179,235.1466013569395,2.208106452101738,WIS,,MARWILTrainer,2014.458161830902
92,102.7778063010682,98.33256452314244,0.9454415153185882,12.639387034107525,235.63740987308785,2.214281591124774,WIS,,MARWILTrainer,2014.458161830902
93,102.3070070013469,97.67433086014383,0.9387485441492527,13.303598978245152,235.7709653615243,2.2151629994928017,WIS,,MARWILTrainer,2014.458161830902
94,102.49893062436387,90.38989509327789,0.8668545770561151,13.353548764630645,217.73375643846737,2.0341444616313455,WIS,,MARWILTrainer,2014.458161830902
95,102.71485378325389,95.77364039244493,0.9270425390165902,12.848477212959938,232.05170870118823,2.1942815945510876,WIS,,MARWILTrainer,2014.458161830902
96,102.0237971252366,95.67256745695677,0.9218332758823589,14.835605211919338,234.78305882682116,2.2031323290655394,WIS,,MARWILTrainer,2014.458161830902
97,102.39029655014193,98.27748851643354,0.947356176580453,13.508499664197842,235.67378047815902,2.2139161119972983,WIS,,MARWILTrainer,2014.458161830902
98,102.45822865527508,97.5014833721108,0.9443744581690805,14.151353647985651,235.67319579471393,2.2150158754604172,WIS,,MARWILTrainer,2014.458161830902
99,102.55535781929258,97.88564983757584,0.9482600511126638,13.525671699854376,235.12139638028353,2.2115202414495934,WIS,,MARWILTrainer,2014.458161830902
100,102.33735582061365,97.84051349790177,0.9462029672277408,13.49588149362517,235.74468784181445,2.2159926929520384,WIS,,MARWILTrainer,2014.458161830902
101,102.48402754001285,93.08235652869918,0.9060545428766528,13.029693540008324,219.43671598611766,2.073613796686163,WIS,,MARWILTrainer,2014.458161830902
102,102.74707421583044,97.72072665978953,0.9399594775510823,13.156553405882212,235.23990447340822,2.2093812137814486,WIS,,MARWILTrainer,2014.458161830902
103,102.41451936701579,93.04832978542053,0.8998562676391224,12.687434762155576,231.1382279495515,2.183831624568011,WIS,,MARWILTrainer,2014.458161830902
104,102.52174661383562,97.8748307228129,0.9410743855339283,12.598180438446,235.79083517804807,2.2154729283422374,WIS,,MARWILTrainer,2014.458161830902
105,102.24430136434209,98.38071342226269,0.9458654151636425,13.78753768782711,235.64724595566233,2.213909055163227,WIS,,MARWILTrainer,2014.458161830902
106,102.53984379195077,97.52716383016678,0.9397631982536488,13.427832893522758,235.17427838298062,2.2091568952988436,WIS,,MARWILTrainer,2014.458161830902
107,102.59760087834496,97.7704202384999,0.9389597148929936,12.676190400351157,235.76037816436445,2.215118612080175,WIS,,MARWILTrainer,2014.458161830902
108,102.38357531203349,95.54705715308586,0.9280309706847882,12.914697487663291,222.17419014068253,2.105668402779614,WIS,,MARWILTrainer,2014.458161830902
109,102.36053000808924,90.52914144686763,0.8713223367476519,13.814695031306774,217.85206405897608,2.035285323693885,WIS,,MARWILTrainer,2014.458161830902
110,102.74148010410408,94.57177996375147,0.9139977710981229,12.605673813811308,231.96057653402931,2.192153268560391,WIS,,MARWILTrainer,2014.458161830902
111,102.15943835902758,96.93750851955434,0.9353114170090354,13.918436277603606,235.18062481059278,2.2086588619682166,WIS,,MARWILTrainer,2014.458161830902
112,102.65444857577829,98.26664713843866,0.9444181133289749,12.718732589267196,236.33763759096237,2.2206265670515823,WIS,,MARWILTrainer,2014.458161830902
113,102.24678901628572,97.60832305282054,0.9393101630398988,14.277685211130473,235.31666810633496,2.2099764990965585,WIS,,MARWILTrainer,2014.458161830902
114,102.7707097965783,98.4102058810708,0.9453673489719377,12.509925710737734,235.80447786563053,2.2157243498553827,WIS,,MARWILTrainer,2014.458161830902
115,102.25851803530416,98.05857237854312,0.9674364892495487,13.8018789335261,235.86286848486006,2.248680518424057,WIS,,MARWILTrainer,2014.458161830902
116,102.47991391264186,90.46023747610268,0.868268086168637,13.63187499938031,217.87720281016715,2.035291466044451,WIS,,MARWILTrainer,2014.458161830902
117,102.31295539733938,95.7531060190526,0.9401347313927413,14.29052340212763,231.73238373600142,2.1965593371686642,WIS,,MARWILTrainer,2014.458161830902
118,102.46899006289719,100.67060607781194,0.9612202993853896,13.09161484819014,258.2652178817442,2.372440301794046,WIS,,MARWILTrainer,2014.458161830902
119,102.3932493085482,98.38917468419423,0.947796972444615,13.284646914182197,235.72637993490653,2.2144760582111953,WIS,,MARWILTrainer,2014.458161830902
120,102.54779231692066,98.15992537315276,0.9555272197398647,13.473661413737215,235.70464425655535,2.2283136489032973,WIS,,MARWILTrainer,2014.458161830902
121,102.55529486515779,97.74329891313974,0.9439127077539324,13.242912290996104,235.18835011202273,2.210694520325668,WIS,,MARWILTrainer,2014.458161830902
122,102.41991833710658,97.85923507974792,0.941769518259101,12.996025949572488,235.81138694449007,2.215467044475567,WIS,,MARWILTrainer,2014.458161830902
123,102.46796914035465,92.75077866539414,0.8993029697289289,12.805405537147857,219.049268733942,2.059702027221336,WIS,,MARWILTrainer,2014.458161830902
124,102.70863019101981,98.06497923033173,0.9460315349565006,13.113586993539498,235.2817704678577,2.210921219193435,WIS,,MARWILTrainer,2014.458161830902
125,102.44859804723687,93.02852704095325,0.8992829785207559,12.707954451914123,231.2210121955426,2.184687785786872,WIS,,MARWILTrainer,2014.458161830902
126,102.47981309842869,97.89310918414641,0.9412279751889938,12.804698116442804,235.86116085620122,2.2161434971442358,WIS,,MARWILTrainer,2014.458161830902
127,102.26937862999071,98.39775371821264,0.946308547867149,13.840870801792843,235.71719296801078,2.214484094150425,WIS,,MARWILTrainer,2014.458161830902
128,102.57685932217768,97.5260435284885,0.9371174642392578,13.024576528653574,235.25173087913188,2.2098949502862735,WIS,,MARWILTrainer,2014.458161830902
129,102.58637059886173,99.14338873566062,0.9572063383750196,12.695266151064388,236.2348737878079,2.2265381166325957,WIS,,MARWILTrainer,2014.458161830902
130,102.31177202291605,97.10186408510549,0.9407561987916958,13.393371535249042,228.54688821214916,2.167999170275481,WIS,,MARWILTrainer,2014.458161830902
131,102.37581198172215,90.42153432193011,0.8703467492358807,13.893000441985365,217.84029291936224,2.0348343128504505,WIS,,MARWILTrainer,2014.458161830902
132,102.77109620788353,94.87019785345797,0.9195717018065076,12.703447738626524,231.84139520621522,2.1913360731965192,WIS,,MARWILTrainer,2014.458161830902
133,102.11876534604336,96.90890726961617,0.9334871244093009,14.045008579272691,235.15147319057482,2.208604014874943,WIS,,MARWILTrainer,2014.458161830902
134,102.64045537195163,98.25017388076438,0.944245296249273,12.770261451523497,236.30080335816987,2.2202863230011167,WIS,,MARWILTrainer,2014.458161830902
135,102.28380798419015,97.55451181513303,0.9444989480913664,14.365288700926119,235.2955159132216,2.210618291014061,WIS,,MARWILTrainer,2014.458161830902
136,102.34211736492232,98.0122972352897,0.9425424310780924,13.652397674345123,235.36225433177725,2.2111492918590283,WIS,,MARWILTrainer,2014.458161830902
137,102.64037789634496,98.26571692752144,0.9441807794758207,12.479440634719467,236.26374811152408,2.219868486390237,WIS,,MARWILTrainer,2014.458161830902
138,102.41993526941992,90.42424647034916,0.869412682617248,14.179436448424518,217.8529888116763,2.034734600294497,WIS,,MARWILTrainer,2014.458161830902
139,102.39431878925505,95.92908400972838,0.936150506097051,13.991475323389627,231.71591960064927,2.192612756647131,WIS,,MARWILTrainer,2014.458161830902
140,102.48217030902335,102.4888011130171,0.9925980301751249,12.634224322825354,272.14627691292856,2.6075557018493853,WIS,,MARWILTrainer,2014.458161830902
141,102.40250866407538,98.46874839255477,0.9499958692176855,13.230132489600468,235.73117563823862,2.215018742525119,WIS,,MARWILTrainer,2014.458161830902
142,102.48325761977986,98.2346624832167,0.9501599938780088,13.561769093820983,235.76540365407556,2.2209114118336544,WIS,,MARWILTrainer,2014.458161830902
143,102.55341110096134,97.57194261343653,0.9396855647955813,13.17793814703719,235.254410495111,2.210516241694289,WIS,,MARWILTrainer,2014.458161830902
144,102.47193370124096,97.86829249066058,0.940835548995309,12.871342741050377,235.83013245149905,2.2156682601774067,WIS,,MARWILTrainer,2014.458161830902
145,102.46724263508221,92.30467731864927,0.893651599564691,12.868538943128094,218.7181977516865,2.052105715932889,WIS,,MARWILTrainer,2014.458161830902
146,102.61420406445728,97.63408135095969,0.9390408067302839,13.604004199286361,235.38992319815767,2.2107848631554265,WIS,,MARWILTrainer,2014.458161830902
147,102.4781432620416,93.08309010954153,0.9006097529025241,12.894175691243818,231.24125389558168,2.1848161419581835,WIS,,MARWILTrainer,2014.458161830902
148,102.00467875720481,97.52133900666004,0.9383042961822117,14.734438862082175,235.48739363193607,2.2124595818128148,WIS,,MARWILTrainer,2014.458161830902
149,102.72414415230006,99.06337878773526,0.9518468837813406,12.676813571004134,236.14496664155774,2.2188396269427786,WIS,,MARWILTrainer,2014.458161830902
0,,,,,,,loss,9.838232,MARWILTrainer,2014.458161830902
1,,,,,,,loss,10.026482,MARWILTrainer,2014.458161830902
2,,,,,,,loss,9.875116,MARWILTrainer,2014.458161830902
3,,,,,,,loss,9.98564,MARWILTrainer,2014.458161830902
4,,,,,,,loss,9.969988,MARWILTrainer,2014.458161830902
5,,,,,,,loss,9.793491,MARWILTrainer,2014.458161830902
6,,,,,,,loss,10.025566,MARWILTrainer,2014.458161830902
7,,,,,,,loss,10.0555525,MARWILTrainer,2014.458161830902
8,,,,,,,loss,9.917399,MARWILTrainer,2014.458161830902
9,,,,,,,loss,9.846481,MARWILTrainer,2014.458161830902
10,,,,,,,loss,9.846338,MARWILTrainer,2014.458161830902
11,,,,,,,loss,9.884639,MARWILTrainer,2014.458161830902
12,,,,,,,loss,9.909432,MARWILTrainer,2014.458161830902
13,,,,,,,loss,9.930094,MARWILTrainer,2014.458161830902
14,,,,,,,loss,9.978081,MARWILTrainer,2014.458161830902
15,,,,,,,loss,9.592903,MARWILTrainer,2014.458161830902
16,,,,,,,loss,9.92114,MARWILTrainer,2014.458161830902
17,,,,,,,loss,9.900932,MARWILTrainer,2014.458161830902
18,,,,,,,loss,10.011467,MARWILTrainer,2014.458161830902
19,,,,,,,loss,10.035266,MARWILTrainer,2014.458161830902
20,,,,,,,loss,9.947157,MARWILTrainer,2014.458161830902
21,,,,,,,loss,9.861636,MARWILTrainer,2014.458161830902
22,,,,,,,loss,9.903035,MARWILTrainer,2014.458161830902
23,,,,,,,loss,9.908669,MARWILTrainer,2014.458161830902
24,,,,,,,loss,9.974118,MARWILTrainer,2014.458161830902
25,,,,,,,loss,10.132117,MARWILTrainer,2014.458161830902
26,,,,,,,loss,9.875971,MARWILTrainer,2014.458161830902
27,,,,,,,loss,9.756275,MARWILTrainer,2014.458161830902
28,,,,,,,loss,9.95814,MARWILTrainer,2014.458161830902
29,,,,,,,loss,9.944613,MARWILTrainer,2014.458161830902
30,,,,,,,loss,9.858365,MARWILTrainer,2014.458161830902
31,,,,,,,loss,9.946981,MARWILTrainer,2014.458161830902
32,,,,,,,loss,9.804384,MARWILTrainer,2014.458161830902
33,,,,,,,loss,9.895448,MARWILTrainer,2014.458161830902
34,,,,,,,loss,9.899959,MARWILTrainer,2014.458161830902
35,,,,,,,loss,9.965188,MARWILTrainer,2014.458161830902
36,,,,,,,loss,9.908716,MARWILTrainer,2014.458161830902
37,,,,,,,loss,10.125398,MARWILTrainer,2014.458161830902
38,,,,,,,loss,9.914037,MARWILTrainer,2014.458161830902
39,,,,,,,loss,9.874105,MARWILTrainer,2014.458161830902
40,,,,,,,loss,9.829105,MARWILTrainer,2014.458161830902
41,,,,,,,loss,9.898224,MARWILTrainer,2014.458161830902
42,,,,,,,loss,9.96687,MARWILTrainer,2014.458161830902
43,,,,,,,loss,10.089519,MARWILTrainer,2014.458161830902
44,,,,,,,loss,9.911487,MARWILTrainer,2014.458161830902
45,,,,,,,loss,10.16319,MARWILTrainer,2014.458161830902
46,,,,,,,loss,9.895318,MARWILTrainer,2014.458161830902
47,,,,,,,loss,9.802817,MARWILTrainer,2014.458161830902
48,,,,,,,loss,9.923253,MARWILTrainer,2014.458161830902
49,,,,,,,loss,9.8623905,MARWILTrainer,2014.458161830902
50,,,,,,,loss,9.984693,MARWILTrainer,2014.458161830902
51,,,,,,,loss,9.8962145,MARWILTrainer,2014.458161830902
52,,,,,,,loss,9.965598,MARWILTrainer,2014.458161830902
53,,,,,,,loss,9.961576,MARWILTrainer,2014.458161830902
54,,,,,,,loss,9.833733,MARWILTrainer,2014.458161830902
55,,,,,,,loss,9.89628,MARWILTrainer,2014.458161830902
56,,,,,,,loss,9.903935,MARWILTrainer,2014.458161830902
57,,,,,,,loss,9.979225,MARWILTrainer,2014.458161830902
58,,,,,,,loss,9.93125,MARWILTrainer,2014.458161830902
59,,,,,,,loss,9.9036875,MARWILTrainer,2014.458161830902
60,,,,,,,loss,9.998386,MARWILTrainer,2014.458161830902
61,,,,,,,loss,9.961506,MARWILTrainer,2014.458161830902
62,,,,,,,loss,9.895964,MARWILTrainer,2014.458161830902
63,,,,,,,loss,9.810477,MARWILTrainer,2014.458161830902
64,,,,,,,loss,9.989173,MARWILTrainer,2014.458161830902
65,,,,,,,loss,9.774904,MARWILTrainer,2014.458161830902
66,,,,,,,loss,9.956211,MARWILTrainer,2014.458161830902
67,,,,,,,loss,10.02314,MARWILTrainer,2014.458161830902
68,,,,,,,loss,9.790253,MARWILTrainer,2014.458161830902
69,,,,,,,loss,10.140566,MARWILTrainer,2014.458161830902
70,,,,,,,loss,9.954862,MARWILTrainer,2014.458161830902
71,,,,,,,loss,9.82235,MARWILTrainer,2014.458161830902
72,,,,,,,loss,9.786027,MARWILTrainer,2014.458161830902
73,,,,,,,loss,10.020183,MARWILTrainer,2014.458161830902
74,,,,,,,loss,9.903316,MARWILTrainer,2014.458161830902
75,,,,,,,loss,9.835771,MARWILTrainer,2014.458161830902
76,,,,,,,loss,9.652069,MARWILTrainer,2014.458161830902
77,,,,,,,loss,9.966389,MARWILTrainer,2014.458161830902
78,,,,,,,loss,9.771312,MARWILTrainer,2014.458161830902
79,,,,,,,loss,9.801206,MARWILTrainer,2014.458161830902
80,,,,,,,loss,9.78482,MARWILTrainer,2014.458161830902
81,,,,,,,loss,9.957351,MARWILTrainer,2014.458161830902
82,,,,,,,loss,9.751356,MARWILTrainer,2014.458161830902
83,,,,,,,loss,9.871617,MARWILTrainer,2014.458161830902
84,,,,,,,loss,9.92917,MARWILTrainer,2014.458161830902
85,,,,,,,loss,9.968677,MARWILTrainer,2014.458161830902
86,,,,,,,loss,9.802865,MARWILTrainer,2014.458161830902
87,,,,,,,loss,10.076092,MARWILTrainer,2014.458161830902
88,,,,,,,loss,9.783578,MARWILTrainer,2014.458161830902
89,,,,,,,loss,9.889181,MARWILTrainer,2014.458161830902
90,,,,,,,loss,10.037628,MARWILTrainer,2014.458161830902
91,,,,,,,loss,9.831869,MARWILTrainer,2014.458161830902
92,,,,,,,loss,9.976747,MARWILTrainer,2014.458161830902
93,,,,,,,loss,10.170658,MARWILTrainer,2014.458161830902
94,,,,,,,loss,9.8538,MARWILTrainer,2014.458161830902
95,,,,,,,loss,10.008871,MARWILTrainer,2014.458161830902
96,,,,,,,loss,10.001073,MARWILTrainer,2014.458161830902
97,,,,,,,loss,9.837408,MARWILTrainer,2014.458161830902
98,,,,,,,loss,9.904431,MARWILTrainer,2014.458161830902
99,,,,,,,loss,9.994876,MARWILTrainer,2014.458161830902
100,,,,,,,loss,9.907627,MARWILTrainer,2014.458161830902
101,,,,,,,loss,9.974453,MARWILTrainer,2014.458161830902
102,,,,,,,loss,9.7469015,MARWILTrainer,2014.458161830902
103,,,,,,,loss,9.885639,MARWILTrainer,2014.458161830902
104,,,,,,,loss,9.909259,MARWILTrainer,2014.458161830902
105,,,,,,,loss,9.969784,MARWILTrainer,2014.458161830902
106,,,,,,,loss,10.029936,MARWILTrainer,2014.458161830902
107,,,,,,,loss,9.765902,MARWILTrainer,2014.458161830902
108,,,,,,,loss,9.932998,MARWILTrainer,2014.458161830902
109,,,,,,,loss,9.947539,MARWILTrainer,2014.458161830902
110,,,,,,,loss,10.008144,MARWILTrainer,2014.458161830902
111,,,,,,,loss,9.826444,MARWILTrainer,2014.458161830902
112,,,,,,,loss,9.878969,MARWILTrainer,2014.458161830902
113,,,,,,,loss,9.8022995,MARWILTrainer,2014.458161830902
114,,,,,,,loss,9.898092,MARWILTrainer,2014.458161830902
115,,,,,,,loss,9.814259,MARWILTrainer,2014.458161830902
116,,,,,,,loss,9.875758,MARWILTrainer,2014.458161830902
117,,,,,,,loss,9.991425,MARWILTrainer,2014.458161830902
118,,,,,,,loss,10.086779,MARWILTrainer,2014.458161830902
119,,,,,,,loss,9.950455,MARWILTrainer,2014.458161830902
120,,,,,,,loss,9.858352,MARWILTrainer,2014.458161830902
121,,,,,,,loss,9.852186,MARWILTrainer,2014.458161830902
122,,,,,,,loss,9.878474,MARWILTrainer,2014.458161830902
123,,,,,,,loss,9.984635,MARWILTrainer,2014.458161830902
124,,,,,,,loss,9.784645,MARWILTrainer,2014.458161830902
125,,,,,,,loss,9.803233,MARWILTrainer,2014.458161830902
126,,,,,,,loss,9.989886,MARWILTrainer,2014.458161830902
127,,,,,,,loss,9.933547,MARWILTrainer,2014.458161830902
128,,,,,,,loss,9.94963,MARWILTrainer,2014.458161830902
129,,,,,,,loss,9.741671,MARWILTrainer,2014.458161830902
130,,,,,,,loss,9.9336,MARWILTrainer,2014.458161830902
131,,,,,,,loss,9.977515,MARWILTrainer,2014.458161830902
132,,,,,,,loss,9.841367,MARWILTrainer,2014.458161830902
133,,,,,,,loss,9.892041,MARWILTrainer,2014.458161830902
134,,,,,,,loss,9.923069,MARWILTrainer,2014.458161830902
135,,,,,,,loss,9.894244,MARWILTrainer,2014.458161830902
136,,,,,,,loss,9.934818,MARWILTrainer,2014.458161830902
137,,,,,,,loss,9.907138,MARWILTrainer,2014.458161830902
138,,,,,,,loss,9.936595,MARWILTrainer,2014.458161830902
139,,,,,,,loss,9.887039,MARWILTrainer,2014.458161830902
140,,,,,,,loss,9.885111,MARWILTrainer,2014.458161830902
141,,,,,,,loss,9.885536,MARWILTrainer,2014.458161830902
142,,,,,,,loss,10.130659,MARWILTrainer,2014.458161830902
143,,,,,,,loss,9.81219,MARWILTrainer,2014.458161830902
144,,,,,,,loss,9.972541,MARWILTrainer,2014.458161830902
145,,,,,,,loss,9.961843,MARWILTrainer,2014.458161830902
146,,,,,,,loss,9.851139,MARWILTrainer,2014.458161830902
147,,,,,,,loss,9.916987,MARWILTrainer,2014.458161830902
148,,,,,,,loss,9.988003,MARWILTrainer,2014.458161830902
149,,,,,,,loss,10.126717,MARWILTrainer,2014.458161830902
